{
	"IcoMoonType": "selection",
	"icons": [
		{
			"icon": {
				"paths": [
					"M512 320l-192 192-192-192-128 128 320 320 320-320-128-128z"
				],
				"width": 640,
				"attrs": [],
				"isMulticolor": false,
				"tags": [
					"chevron-down"
				],
				"defaultCode": 61603,
				"grid": 16
			},
			"attrs": [],
			"properties": {
				"id": 22,
				"order": 24,
				"prevSize": 32,
				"code": 61603,
				"name": "chevron-down"
			},
			"setIdx": 0,
			"setId": 3,
			"iconIdx": 22
		},
		{
			"icon": {
				"paths": [
					"M448 320l-128-128-320 320 320 320 128-128-192-192 192-192z"
				],
				"width": 448,
				"attrs": [],
				"isMulticolor": false,
				"tags": [
					"chevron-left"
				],
				"defaultCode": 61604,
				"grid": 16
			},
			"attrs": [],
			"properties": {
				"id": 23,
				"order": 29,
				"prevSize": 32,
				"code": 61604,
				"name": "chevron-left"
			},
			"setIdx": 0,
			"setId": 3,
			"iconIdx": 23
		},
		{
			"icon": {
				"paths": [
					"M128 192l-128 128 192 192-192 192 128 128 320-320-320-320z"
				],
				"width": 448,
				"attrs": [],
				"isMulticolor": false,
				"tags": [
					"chevron-right"
				],
				"defaultCode": 61560,
				"grid": 16
			},
			"attrs": [],
			"properties": {
				"id": 24,
				"order": 28,
				"prevSize": 32,
				"code": 61560,
				"name": "chevron-right"
			},
			"setIdx": 0,
			"setId": 3,
			"iconIdx": 24
		},
		{
			"icon": {
				"paths": [
					"M320 256l-320 320 128 128 192-192 192 192 128-128-320-320z"
				],
				"width": 640,
				"attrs": [],
				"isMulticolor": false,
				"tags": [
					"chevron-up"
				],
				"defaultCode": 61602,
				"grid": 16
			},
			"attrs": [],
			"properties": {
				"id": 25,
				"order": 27,
				"prevSize": 32,
				"code": 61602,
				"name": "chevron-up"
			},
			"setIdx": 0,
			"setId": 3,
			"iconIdx": 25
		},
		{
			"icon": {
				"paths": [
					"M192 576l64 384h192v-320h128v320h192l64-384-320-320-320 320zM832 384v-256h-128l0.312 128.312-192.312-192.312-512 512h128l384-384 384 384h128l-192-192z"
				],
				"attrs": [],
				"isMulticolor": false,
				"tags": [
					"home"
				],
				"defaultCode": 61581,
				"grid": 16
			},
			"attrs": [],
			"properties": {
				"id": 77,
				"order": 26,
				"prevSize": 32,
				"code": 61581,
				"name": "home2"
			},
			"setIdx": 0,
			"setId": 3,
			"iconIdx": 77
		},
		{
			"icon": {
				"paths": [
					"M128 384h-128v256h128l256 192h64v-640h-64l-256 192zM864 416l-64-64-96 96-96-96-63 63.5 95 96.5-96 96 64 64 96-96 96 96 64-64-96-96 96-96z"
				],
				"width": 896,
				"attrs": [],
				"isMulticolor": false,
				"tags": [
					"mute"
				],
				"defaultCode": 61568,
				"grid": 16
			},
			"attrs": [],
			"properties": {
				"id": 117,
				"order": 43,
				"prevSize": 32,
				"code": 61568,
				"name": "mute"
			},
			"setIdx": 0,
			"setId": 3,
			"iconIdx": 117
		},
		{
			"icon": {
				"paths": [
					"M0 768l384-256-384-256v512zM768 512l-384-256v512l384-256z"
				],
				"width": 768,
				"attrs": [],
				"isMulticolor": false,
				"tags": [
					"playback-fast-forward"
				],
				"defaultCode": 61629,
				"grid": 16
			},
			"attrs": [],
			"properties": {
				"id": 126,
				"order": 41,
				"prevSize": 32,
				"code": 61629,
				"name": "playback-fast-forward"
			},
			"setIdx": 0,
			"setId": 3,
			"iconIdx": 126
		},
		{
			"icon": {
				"paths": [
					"M0 832h192v-640h-192v640zM320 192v640h192v-640h-192z"
				],
				"width": 512,
				"attrs": [],
				"isMulticolor": false,
				"tags": [
					"playback-pause"
				],
				"defaultCode": 61627,
				"grid": 16
			},
			"attrs": [],
			"properties": {
				"id": 127,
				"order": 40,
				"prevSize": 32,
				"code": 61627,
				"name": "playback-pause"
			},
			"setIdx": 0,
			"setId": 3,
			"iconIdx": 127
		},
		{
			"icon": {
				"paths": [
					"M384 512l384 256v-512l-384 256zM0 512l384 256v-512l-384 256z"
				],
				"width": 768,
				"attrs": [],
				"isMulticolor": false,
				"tags": [
					"playback-rewind"
				],
				"defaultCode": 61628,
				"grid": 16
			},
			"attrs": [],
			"properties": {
				"id": 129,
				"order": 42,
				"prevSize": 32,
				"code": 61628,
				"name": "playback-rewind"
			},
			"setIdx": 0,
			"setId": 3,
			"iconIdx": 129
		},
		{
			"icon": {
				"paths": [
					"M-0.088 512c0-141.5 114.5-256 256-256 141.438 0 256 114.5 256 256s-114.562 256-256 256c-141.499 0-256-114.5-256-256z"
				],
				"width": 511,
				"attrs": [],
				"isMulticolor": false,
				"tags": [
					"primitive-dot"
				],
				"defaultCode": 61522,
				"grid": 16
			},
			"attrs": [],
			"properties": {
				"id": 133,
				"order": 39,
				"prevSize": 32,
				"code": 61522,
				"name": "primitive-dot"
			},
			"setIdx": 0,
			"setId": 3,
			"iconIdx": 133
		},
		{
			"icon": {
				"paths": [
					"M704 128h-256c0 0 0-24.057 0-32 0-17.673-14.327-32-32-32s-32 14.327-32 32c0 17.673 0 32 0 32h-256c-35.346 0-64 28.654-64 64v64c0 35.346 28.654 64 64 64v576c0 35.346 28.654 64 64 64h448c35.346 0 64-28.654 64-64v-576c35.346 0 64-28.654 64-64v-64c0-35.346-28.654-64-64-64zM640 864c0 17.673-14.327 32-32 32h-384c-17.673 0-32-14.327-32-32v-544h64v480c0 17.673 14.327 32 32 32s32-14.327 32-32l0.387-480h63.613v480c0 17.673 14.327 32 32 32s32-14.327 32-32l0.387-480h64l-0.387 480c0 17.673 14.327 32 32 32s32-14.327 32-32v-480h64v544zM704 240c0 8.837-7.163 16-16 16h-544c-8.837 0-16-7.163-16-16v-32c0-8.837 7.163-16 16-16h544c8.837 0 16 7.163 16 16v32z"
				],
				"width": 768,
				"attrs": [],
				"isMulticolor": false,
				"tags": [
					"trashcan"
				],
				"defaultCode": 61648,
				"grid": 16
			},
			"attrs": [],
			"properties": {
				"id": 167,
				"order": 30,
				"prevSize": 32,
				"code": 61648,
				"name": "trashcan"
			},
			"setIdx": 0,
			"setId": 3,
			"iconIdx": 167
		},
		{
			"icon": {
				"paths": [
					"M0 384l383.75 383.75 383.75-383.75h-767.5z"
				],
				"width": 767,
				"attrs": [],
				"isMulticolor": false,
				"tags": [
					"triangle-down"
				],
				"defaultCode": 61531,
				"grid": 16
			},
			"attrs": [],
			"properties": {
				"id": 168,
				"order": 48,
				"prevSize": 32,
				"code": 61531,
				"name": "triangle-down"
			},
			"setIdx": 0,
			"setId": 3,
			"iconIdx": 168
		},
		{
			"icon": {
				"paths": [
					"M0 511.875l383.75 383.75v-767.5l-383.75 383.75z"
				],
				"width": 383,
				"attrs": [],
				"isMulticolor": false,
				"tags": [
					"triangle-left"
				],
				"defaultCode": 61508,
				"grid": 16
			},
			"attrs": [],
			"properties": {
				"id": 169,
				"order": 46,
				"prevSize": 32,
				"code": 61508,
				"name": "triangle-left"
			},
			"setIdx": 0,
			"setId": 3,
			"iconIdx": 169
		},
		{
			"icon": {
				"paths": [
					"M0.062 128.25l383.75 383.75-383.75 383.75v-767.5z"
				],
				"width": 383,
				"attrs": [],
				"isMulticolor": false,
				"tags": [
					"triangle-right"
				],
				"defaultCode": 61530,
				"grid": 16
			},
			"attrs": [],
			"properties": {
				"id": 170,
				"order": 45,
				"prevSize": 32,
				"code": 61530,
				"name": "triangle-right"
			},
			"setIdx": 0,
			"setId": 3,
			"iconIdx": 170
		},
		{
			"icon": {
				"paths": [
					"M383.75 256l-383.75 383.75h767.5l-383.75-383.75z"
				],
				"width": 767,
				"attrs": [],
				"isMulticolor": false,
				"tags": [
					"triangle-up"
				],
				"defaultCode": 61610,
				"grid": 16
			},
			"attrs": [],
			"properties": {
				"id": 171,
				"order": 47,
				"prevSize": 32,
				"code": 61610,
				"name": "triangle-up"
			},
			"setIdx": 0,
			"setId": 3,
			"iconIdx": 171
		},
		{
			"icon": {
				"paths": [
					"M0 704h128v-64h-64v-256h64v-64h-128v384zM384 192v640h512v-640h-512zM768 704h-256v-384h256v384zM192 768h128v-64h-64v-384h64v-64h-128v512z"
				],
				"width": 896,
				"attrs": [],
				"isMulticolor": false,
				"tags": [
					"versions"
				],
				"defaultCode": 61540,
				"grid": 16
			},
			"attrs": [],
			"properties": {
				"id": 174,
				"order": 44,
				"prevSize": 32,
				"code": 61540,
				"name": "versions"
			},
			"setIdx": 0,
			"setId": 3,
			"iconIdx": 174
		},
		{
			"icon": {
				"paths": [
					"M800 128c-10.624 0-21.124 0.75-31.584 2.25-59.748-81.416-154.040-130.25-256.416-130.25-102.376 0-196.624 48.834-256.416 130.25-10.46-1.5-20.96-2.25-31.584-2.25-123.5 0-224 100.5-224 224s100.5 224 224 224c27.376 0 54.168-5 79.418-14.666 24.582 21.416 52.5 37.916 81.832 50.832l49.832-49.748c-46.916-15.252-88.332-42.542-119.208-79.752-25.998 18.334-57.624 29.334-91.874 29.334-88.376 0-160-71.624-160-160s71.624-160 160-160c21.624 0 42.124 4.416 60.876 12.166 42.458-82.832 127.706-140.166 227.124-140.166s184.668 57.334 227.082 140.166c18.794-7.75 39.336-12.166 60.918-12.166 88.376 0 160 71.624 160 160s-71.624 160-160 160c-34.25 0-65.832-11-91.876-29.334-20.75 25.042-46.624 45.334-75.25 61.168l-26.874 80.666c41.75-13.124 81-33.876 114.582-63.166 25.25 9.666 52.042 14.666 79.418 14.666 123.5 0 224-100.5 224-224s-100.5-224-224-224zM384 704l64 64-64 192 192-192-64-64 64-192-192 192z"
				],
				"attrs": [],
				"isMulticolor": false,
				"tags": [
					"lightning",
					"weather",
					"cloud"
				],
				"grid": 16
			},
			"attrs": [],
			"properties": {
				"id": 15,
				"order": 31,
				"prevSize": 32,
				"code": 58880,
				"name": "lightning"
			},
			"setIdx": 1,
			"setId": 2,
			"iconIdx": 15
		},
		{
			"icon": {
				"paths": [
					"M870.124 524.332c9.75-7.25 19.624-14.374 28.458-23.208 26.416-26.458 46.542-58.666 59.584-95.708 4.166-11.584 1.208-24.584-7.544-33.25-8.708-8.75-21.624-11.708-33.246-7.584-70.792 25-147.376 8-199.792-44.5-52.498-52.5-69.582-129.042-44.498-199.792 4.084-11.624 1.166-24.542-7.584-33.292-8.666-8.666-21.624-11.666-33.25-7.582-37.084 13.166-69.25 33.25-95.668 59.666-67.082 67-87.958 162-64.958 247.584-86.5 11.042-164.25 57-216.042 127.584-10.458-1.5-20.958-2.25-31.584-2.25-123.5 0-224 100.498-224 224 0 123.5 100.5 224 224 224 27.376 0 54.168-5.002 79.418-14.668 57.912 50.5 131.58 78.668 208.58 78.668 77.084 0 150.666-28.168 208.582-78.668 25.25 9.666 52.042 14.668 79.418 14.668 123.5 0 224-100.5 224-224 0.002-98.876-64.832-182.042-153.874-211.668zM581.832 184.334c5.084-5.166 10.542-9.958 16.292-14.458-4.5 71.958 21.458 142.75 74.208 195.458 52.752 52.75 123.542 78.666 195.502 74.208-27.584 35.168-65.584 57.042-106.252 66.376-54.75-69.5-135.208-113.248-223.916-120.374-24.542-67.918-10.166-146.878 44.166-201.21z"
				],
				"attrs": [],
				"isMulticolor": false,
				"tags": [
					"cloud",
					"night",
					"weather"
				],
				"grid": 16
			},
			"attrs": [],
			"properties": {
				"id": 30,
				"order": 32,
				"prevSize": 32,
				"code": 58881,
				"name": "cloud"
			},
			"setIdx": 1,
			"setId": 2,
			"iconIdx": 30
		},
		{
			"icon": {
				"paths": [
					"M834.084 141.584c-47.96-49.126-114.25-77.584-183.46-77.584-69.124 0-135.376 28.458-183.33 77.584-105.626 4.876-190.042 92.334-190.042 199.084 0 109.956 89.418 199.416 199.376 199.416 11.668 0 23.208-1.002 34.542-3 41.458 27.042 89.834 41.666 139.458 41.666 49.708 0 98.126-14.624 139.544-41.666 11.414 1.998 22.916 3 34.582 3 109.874 0 199.25-89.46 199.25-199.416-0.004-106.752-84.38-194.252-189.92-199.084zM288 513.376h-256c-17.666 0-32 14.292-32 32 0 17.706 14.334 32 32 32h256c17.666 0 32-14.294 32-32 0-17.708-14.334-32-32-32zM32 449.376h128c17.666 0 32-14.292 32-32s-14.334-32-32-32h-128c-17.666 0-32 14.292-32 32s14.334 32 32 32zM96 321.376h128c17.666 0 32-14.292 32-32s-14.334-32-32-32h-128c-17.666 0-32 14.292-32 32s14.334 32 32 32zM448 768c0 35.376 28.624 64 64 64s64-28.624 64-64-64-128-64-128-64 92.624-64 128zM704 896c0 35.376 28.624 64 64 64s64-28.624 64-64-64-128-64-128-64 92.624-64 128z"
				],
				"attrs": [],
				"isMulticolor": false,
				"tags": [
					"windy",
					"rainy",
					"weather",
					"cloud"
				],
				"grid": 16
			},
			"attrs": [],
			"properties": {
				"id": 36,
				"order": 38,
				"prevSize": 32,
				"code": 58882,
				"name": "windy"
			},
			"setIdx": 1,
			"setId": 2,
			"iconIdx": 36
		},
		{
			"icon": {
				"paths": [
					"M652.084 887.376l-36-20.752c1.084-6.248 1.914-12.622 1.914-19.248 0-6.624-0.83-13-1.998-19.25l36.084-20.792c16.834-9.834 22.582-31.458 12.916-48.208-9.752-16.958-31.334-22.75-48.25-13l-36.376 21c-9.752-8.292-20.75-14.792-33-19.208v-41.792c0-19.542-15.876-35.376-35.376-35.376s-35.334 15.834-35.334 35.376v41.75c-12.25 4.376-23.292 10.958-33.042 19.25l-36.292-21c-16.958-9.75-38.582-4-48.332 12.958-9.75 16.834-3.876 38.5 13 48.252l35.918 20.75c-1.168 6.292-1.918 12.668-1.918 19.292 0 6.626 0.75 13 1.918 19.248l-35.916 20.75c-16.918 9.75-22.75 31.5-13 48.376s31.376 22.624 48.25 12.876l36.334-20.876c9.748 8.25 20.792 14.75 33.082 19.124v41.876c0 19.498 15.834 35.248 35.334 35.248s35.376-15.75 35.376-35.248v-41.876c12.25-4.376 23.376-10.876 33.042-19.25l36.334 21c16.916 9.75 38.498 4 48.25-12.876 9.748-16.874 3.998-38.5-12.918-48.374zM512 882.75c-19.5 0-35.376-15.876-35.376-35.376s15.876-35.292 35.376-35.292 35.332 15.792 35.332 35.292-15.832 35.376-35.332 35.376zM800 128c-10.624 0-21.124 0.75-31.584 2.25-59.75-81.416-154.040-130.25-256.416-130.25s-196.624 48.834-256.416 130.25c-10.46-1.5-20.96-2.25-31.584-2.25-123.5 0-224 100.5-224 224s100.5 224 224 224c27.376 0 54.168-5 79.418-14.666 57.914 50.5 131.582 78.666 208.582 78.666 77.084 0 150.666-28.166 208.582-78.666 25.25 9.666 52.042 14.666 79.418 14.666 123.5 0 224-100.5 224-224s-100.5-224-224-224z"
				],
				"attrs": [],
				"isMulticolor": false,
				"tags": [
					"snowy",
					"cloud",
					"weather"
				],
				"grid": 16
			},
			"attrs": [],
			"properties": {
				"id": 37,
				"order": 37,
				"prevSize": 32,
				"code": 58883,
				"name": "snowy"
			},
			"setIdx": 1,
			"setId": 2,
			"iconIdx": 37
		},
		{
			"icon": {
				"paths": [
					"M652.084 887.376l-36-20.752c1.084-6.248 1.916-12.622 1.916-19.248 0-6.624-0.832-13-2-19.25l36.084-20.792c16.834-9.834 22.582-31.458 12.916-48.208-9.752-16.958-31.334-22.75-48.25-13l-36.376 21c-9.752-8.292-20.75-14.792-33-19.208v-41.792c0-19.542-15.876-35.376-35.376-35.376s-35.332 15.834-35.332 35.376v41.75c-12.252 4.376-23.292 10.958-33.042 19.25l-36.292-21c-16.958-9.75-38.584-4-48.334 12.958-9.75 16.834-3.876 38.5 13 48.252l35.918 20.75c-1.168 6.292-1.918 12.668-1.918 19.292 0 6.626 0.75 13 1.918 19.248l-35.916 20.75c-16.918 9.75-22.75 31.5-13 48.376s31.376 22.624 48.25 12.876l36.334-20.876c9.748 8.25 20.792 14.75 33.084 19.124v41.876c0 19.498 15.832 35.248 35.332 35.248s35.376-15.75 35.376-35.248v-41.876c12.25-4.376 23.376-10.876 33.042-19.25l36.334 21c16.916 9.75 38.498 4 48.25-12.876 9.748-16.874 3.998-38.5-12.918-48.374zM512 882.75c-19.5 0-35.376-15.876-35.376-35.376s15.876-35.292 35.376-35.292 35.334 15.792 35.334 35.292-15.834 35.376-35.334 35.376zM948.332 792.5l-24.166-6.416c-0.582-7.666-2.416-14.958-5.792-21.958l17.542-17.542c8.25-8.25 8.208-21.584 0-29.708-8.166-8.208-21.416-8.25-29.666 0l-17.582 17.5c-6.918-3.25-14.292-5.124-21.918-5.75l-6.418-24.124c-2.998-11.166-14.5-17.876-25.748-14.876-11.208 3.042-17.75 14.542-14.834 25.75l6.418 23.792c-3.168 2.168-6.168 4.584-9 7.334-2.75 2.834-5.084 5.832-7.252 8.918l-23.792-6.418c-11.208-2.998-22.792 3.752-25.792 14.876-2.998 11.25 3.752 22.708 14.834 25.75l24 6.458c0.668 7.542 2.584 14.916 5.958 21.918l-17.624 17.624c-8.166 8.208-8.124 21.458 0.084 29.624 8.166 8.166 21.416 8.25 29.584 0.084l17.664-17.666c6.918 3.414 14.336 5.332 22.002 5.914l6.332 24.042c3.084 11.208 14.5 17.876 25.752 14.876 11.166-3 17.914-14.498 14.916-25.834l-6.418-23.792c3-2.124 6.084-4.5 8.918-7.25 2.75-2.792 5.084-5.876 7.248-8.958l23.834 6.418c11.208 3 22.75-3.708 25.708-14.834 3-11.17-3.624-22.668-14.792-25.752zM876.624 805.876c-8.25 8.25-21.542 8.208-29.75 0-8.124-8.124-8.208-21.458 0-29.708 8.208-8.166 21.542-8.166 29.75 0 8.126 8.208 8.126 21.582 0 29.708zM237.876 685l-23.75 6.376c-2.208-3-4.5-6.042-7.292-8.876-2.832-2.75-5.832-5.124-8.958-7.25l6.376-23.876c3-11.208-3.668-22.75-14.75-25.708-11.25-3-22.75 3.668-25.75 14.834l-6.5 24.124c-7.624 0.624-14.916 2.5-21.876 5.792l-17.624-17.542c-8.25-8.25-21.5-8.208-29.668 0-8.208 8.208-8.208 21.5 0 29.708l17.542 17.542c-3.292 7-5.208 14.376-5.792 21.958l-24.084 6.416c-11.25 3.084-17.918 14.5-14.916 25.75 3.042 11.166 14.542 17.75 25.792 14.834l23.75-6.46c2.124 3.208 4.5 6.21 7.376 9.002 2.75 2.75 5.75 5.208 8.876 7.25l-6.376 23.792c-3 11.25 3.668 22.834 14.832 25.834 11.252 3 22.668-3.666 25.668-14.876l6.5-24c7.624-0.624 15-2.542 22-5.876l17.582 17.584c8.168 8.248 21.418 8.082 29.668-0.084 8.124-8.124 8.25-21.416 0-29.624l-17.624-17.624c3.376-6.92 5.376-14.376 5.876-22.002l24.124-6.376c11.124-3.042 17.792-14.5 14.792-25.75-3.002-11.12-14.502-17.788-25.794-14.872zM177.124 741.916c-8.208 8.208-21.5 8.208-29.75 0-8.124-8.166-8.124-21.542 0-29.666 8.25-8.166 21.542-8.166 29.75 0s8.126 21.5 0 29.666zM1024 352c0-123.5-100.5-224-224-224-10.624 0-21.124 0.75-31.584 2.25-59.748-81.416-154.040-130.25-256.416-130.25s-196.624 48.834-256.416 130.25c-10.46-1.5-20.96-2.25-31.584-2.25-123.5 0-224 100.5-224 224s100.5 224 224 224c27.376 0 54.168-5 79.418-14.666 57.914 50.5 131.582 78.666 208.582 78.666 77.084 0 150.666-28.166 208.582-78.666 25.25 9.666 52.042 14.666 79.418 14.666 123.5 0 224-100.5 224-224z"
				],
				"attrs": [],
				"isMulticolor": false,
				"tags": [
					"snowy",
					"cloud",
					"weather"
				],
				"grid": 16
			},
			"attrs": [],
			"properties": {
				"id": 38,
				"order": 36,
				"prevSize": 32,
				"code": 58884,
				"name": "snowy2"
			},
			"setIdx": 1,
			"setId": 2,
			"iconIdx": 38
		},
		{
			"icon": {
				"paths": [
					"M800 128c-10.624 0-21.124 0.75-31.584 2.25-59.748-81.416-154.040-130.25-256.416-130.25s-196.624 48.834-256.416 130.25c-10.46-1.5-20.96-2.25-31.584-2.25-123.5 0-224 100.5-224 224s100.5 224 224 224c27.376 0 54.168-5 79.418-14.666 57.914 50.5 131.582 78.666 208.582 78.666 77.084 0 150.666-28.166 208.582-78.666 25.25 9.666 52.042 14.666 79.418 14.666 123.5 0 224-100.5 224-224s-100.5-224-224-224zM192 640c-35.376 0-64 28.624-64 64s28.624 64 64 64 64-28.624 64-64-28.624-64-64-64zM512 704c-35.376 0-64 28.624-64 64s28.624 64 64 64 64-28.624 64-64-28.624-64-64-64zM832 640c-35.376 0-64 28.624-64 64s28.624 64 64 64 64-28.624 64-64-28.624-64-64-64zM704 896c-35.376 0-64 28.624-64 64s28.624 64 64 64 64-28.624 64-64-28.624-64-64-64zM320 896c-35.376 0-64 28.624-64 64s28.624 64 64 64 64-28.624 64-64-28.624-64-64-64z"
				],
				"attrs": [],
				"isMulticolor": false,
				"tags": [
					"weather",
					"cloud"
				],
				"grid": 16
			},
			"attrs": [],
			"properties": {
				"id": 39,
				"order": 35,
				"prevSize": 32,
				"code": 58885,
				"name": "weather"
			},
			"setIdx": 1,
			"setId": 2,
			"iconIdx": 39
		},
		{
			"icon": {
				"paths": [
					"M576 721.75v-587.916c0-38.584-28.668-69.834-64-69.834-35.334 0-64 31.25-64 69.834v587.916c-38.084 22.166-64 63.002-64 110.25 0 70.666 57.332 128 128 128 70.666 0 128-57.334 128-128 0-47.248-25.876-88.084-64-110.25z"
				],
				"attrs": [],
				"isMulticolor": false,
				"tags": [
					"thermometer",
					"temperature"
				],
				"grid": 16
			},
			"attrs": [],
			"properties": {
				"id": 42,
				"order": 23,
				"prevSize": 32,
				"code": 58886,
				"name": "thermometer"
			},
			"setIdx": 1,
			"setId": 2,
			"iconIdx": 42
		},
		{
			"icon": {
				"paths": [
					"M418.334 352.75c-7.208-6.792-15.584-12.166-25.084-16.124-9.624-3.876-19.876-5.876-30.75-5.876-10.916 0-21.168 2-30.75 5.876-9.5 3.958-17.876 9.334-25.082 16.124-7.168 6.834-12.792 14.834-16.918 24.084-4.084 9.21-6.124 18.958-6.124 29.166 0 10.25 2.042 20 6.124 29.21 4.124 9.208 9.75 17.25 16.918 24.040 7.208 6.834 15.582 12.25 25.082 16.126 9.582 3.958 19.834 5.916 30.75 5.916 10.876 0 21.124-1.958 30.75-5.916 9.5-3.876 17.876-9.292 25.084-16.126 7.166-6.79 12.792-14.834 16.832-24.040 4.084-9.21 6.208-18.958 6.208-29.21 0-10.208-2.124-19.958-6.208-29.166-4.042-9.252-9.666-17.252-16.832-24.084zM387.624 430.082c-6.876 6.834-15.25 10.25-25.124 10.25s-18.25-3.418-25.124-10.25c-6.792-6.834-10.25-14.834-10.25-24.084 0-9.5 3.458-17.666 10.25-24.29 6.876-6.666 15.25-9.958 25.124-9.958s18.25 3.292 25.124 9.958c6.75 6.624 10.208 14.79 10.208 24.29-0 9.252-3.456 17.252-10.208 24.084zM670.5 623.582c-12.124 3.46-24.166 5.166-36.124 5.166-7.876 0-15.624-1.208-23.292-3.58-7.708-2.418-14.708-6.168-20.998-11.292-6.334-5.126-11.46-11.668-15.334-19.708-3.918-8-5.916-17.834-5.916-29.418v-102.916c0-11.584 1.998-21.5 5.916-29.708 3.874-8.166 8.918-14.834 15.082-19.958 6.168-5.124 13.084-8.792 21-11 7.834-2.21 15.668-3.334 23.542-3.334 11.958 0 24.248 1.75 36.874 5.376 12.626 3.582 24.376 9.998 35.336 19.208l33.792-54.292c-13.708-11.916-29.958-20.624-48.958-26.124-18.918-5.416-38.584-8.166-59.086-8.166-16.708 0-33.166 2.416-49.166 7.168-16.042 4.792-30.292 11.958-42.75 21.5-12.416 9.584-22.542 21.416-30.166 35.582-7.75 14.168-11.582 30.666-11.582 49.416v132.084c0 19.124 3.958 35.75 11.832 49.918 7.834 14.168 18.082 25.958 30.668 35.332 12.664 9.416 26.958 16.458 42.998 21.25 16.084 4.75 32.458 7.168 49.208 7.168 20.792 0 40.542-3.084 59.376-9.208 18.75-6.166 34.624-14.708 47.624-25.584l-33.292-54.292c-12.252 9.58-24.5 16.038-36.584 19.412z"
				],
				"attrs": [],
				"isMulticolor": false,
				"tags": [
					"Celsius",
					"temperature"
				],
				"grid": 16
			},
			"attrs": [],
			"properties": {
				"id": 45,
				"order": 33,
				"prevSize": 32,
				"code": 58887,
				"name": "Celsius"
			},
			"setIdx": 1,
			"setId": 2,
			"iconIdx": 45
		},
		{
			"icon": {
				"paths": [
					"M417.062 354.542c-7.208-6.792-15.582-12.168-25.082-16.124-9.624-3.876-19.876-5.876-30.75-5.876-10.918 0-21.168 2-30.75 5.876-9.5 3.958-17.876 9.334-25.084 16.124-7.166 6.832-12.792 14.832-16.918 24.082-4.084 9.21-6.124 18.958-6.124 29.168 0 10.25 2.040 20 6.124 29.208 4.126 9.208 9.752 17.25 16.918 24.042 7.208 6.832 15.584 12.25 25.084 16.124 9.582 3.958 19.832 5.916 30.75 5.916 10.876 0 21.124-1.958 30.75-5.916 9.5-3.876 17.876-9.292 25.082-16.124 7.168-6.792 12.792-14.834 16.832-24.042 4.084-9.208 6.21-18.958 6.21-29.208 0-10.208-2.126-19.958-6.21-29.168-4.040-9.25-9.664-17.25-16.832-24.082zM386.354 431.874c-6.876 6.834-15.25 10.252-25.124 10.252s-18.25-3.418-25.124-10.252c-6.792-6.832-10.25-14.832-10.25-24.082 0-9.5 3.458-17.666 10.25-24.292 6.876-6.666 15.25-9.958 25.124-9.958s18.25 3.292 25.124 9.958c6.748 6.624 10.208 14.792 10.208 24.292 0 9.25-3.46 17.25-10.208 24.082zM741.644 401.666v-63h-243.164v352.792h70.126v-143.876h147.958v-62.958h-147.958v-82.958h173.038z"
				],
				"attrs": [],
				"isMulticolor": false,
				"tags": [
					"Fahrenheit",
					"temperature"
				],
				"grid": 16
			},
			"attrs": [],
			"properties": {
				"id": 46,
				"order": 34,
				"prevSize": 32,
				"code": 58888,
				"name": "Fahrenheit"
			},
			"setIdx": 1,
			"setId": 2,
			"iconIdx": 46
		},
		{
			"icon": {
				"paths": [
					"M1024 590.444l-512-397.426-512 397.428v-162.038l512-397.426 512 397.428zM896 576v384h-256v-256h-256v256h-256v-384l384-288z"
				],
				"attrs": [],
				"tags": [
					"home",
					"house"
				],
				"defaultCode": 57345,
				"grid": 16
			},
			"attrs": [],
			"properties": {
				"id": 51,
				"order": 14,
				"prevSize": 32,
				"code": 59648,
				"ligatures": "home, house",
				"name": "home"
			},
			"setIdx": 2,
			"setId": 0,
			"iconIdx": 0
		},
		{
			"icon": {
				"paths": [
					"M0 1024c128-384 463-1024 1024-1024-263 211-384 704-576 704s-192 0-192 0l-192 320h-64z"
				],
				"attrs": [],
				"tags": [
					"quill",
					"feather",
					"write",
					"edit"
				],
				"defaultCode": 57363,
				"grid": 16
			},
			"attrs": [],
			"properties": {
				"id": 70,
				"order": 1,
				"prevSize": 32,
				"code": 59655,
				"ligatures": "quill, feather",
				"name": "quill"
			},
			"setIdx": 2,
			"setId": 0,
			"iconIdx": 7
		},
		{
			"icon": {
				"paths": [
					"M864.626 473.162c-65.754-183.44-205.11-348.15-352.626-473.162-147.516 125.012-286.87 289.722-352.626 473.162-40.664 113.436-44.682 236.562 12.584 345.4 65.846 125.14 198.632 205.438 340.042 205.438s274.196-80.298 340.040-205.44c57.27-108.838 53.25-231.962 12.586-345.398zM738.764 758.956c-43.802 83.252-132.812 137.044-226.764 137.044-55.12 0-108.524-18.536-152.112-50.652 13.242 1.724 26.632 2.652 40.112 2.652 117.426 0 228.668-67.214 283.402-171.242 44.878-85.292 40.978-173.848 23.882-244.338 14.558 28.15 26.906 56.198 36.848 83.932 22.606 63.062 40.024 156.34-5.368 242.604z"
				],
				"attrs": [],
				"tags": [
					"droplet",
					"color",
					"water"
				],
				"defaultCode": 57381,
				"grid": 16
			},
			"attrs": [],
			"properties": {
				"id": 87,
				"order": 2,
				"prevSize": 32,
				"code": 59659,
				"ligatures": "droplet, color2",
				"name": "droplet"
			},
			"setIdx": 2,
			"setId": 0,
			"iconIdx": 11
		},
		{
			"icon": {
				"paths": [
					"M959.884 128c0.040 0.034 0.082 0.076 0.116 0.116v767.77c-0.034 0.040-0.076 0.082-0.116 0.116h-895.77c-0.040-0.034-0.082-0.076-0.114-0.116v-767.772c0.034-0.040 0.076-0.082 0.114-0.114h895.77zM960 64h-896c-35.2 0-64 28.8-64 64v768c0 35.2 28.8 64 64 64h896c35.2 0 64-28.8 64-64v-768c0-35.2-28.8-64-64-64v0z",
					"M832 288c0 53.020-42.98 96-96 96s-96-42.98-96-96 42.98-96 96-96 96 42.98 96 96z",
					"M896 832h-768v-128l224-384 256 320h64l224-192z"
				],
				"attrs": [],
				"tags": [
					"image",
					"picture",
					"photo",
					"graphic"
				],
				"defaultCode": 57388,
				"grid": 16
			},
			"attrs": [],
			"properties": {
				"order": 21,
				"id": 1589,
				"prevSize": 32,
				"code": 59661,
				"ligatures": "image, picture",
				"name": "image"
			},
			"setIdx": 2,
			"setId": 0,
			"iconIdx": 13
		},
		{
			"icon": {
				"paths": [
					"M786.832 392.772c-59.032 0-112.086 24.596-149.852 64.694-15.996 16.984-43.762 37.112-73.8 54.81 14.11-53.868 58.676-121.7 89.628-151.456 39.64-38.17 63.984-91.83 63.984-151.5 0.006-114.894-91.476-208.096-204.788-209.32-113.32 1.222-204.796 94.426-204.796 209.318 0 59.672 24.344 113.33 63.986 151.5 30.954 29.756 75.52 97.588 89.628 151.456-30.042-17.7-57.806-37.826-73.8-54.81-37.768-40.098-90.82-64.694-149.85-64.694-114.386 0-207.080 93.664-207.080 209.328 0 115.638 92.692 209.338 207.080 209.338 59.042 0 112.082-25.356 149.85-65.452 16.804-17.872 46.444-40.138 78.292-58.632-3.002 147.692-73.532 256.168-145.318 298.906v37.742h384.014v-37.74c-71.792-42.736-142.32-151.216-145.32-298.906 31.852 18.494 61.488 40.768 78.292 58.632 37.766 40.094 90.808 65.452 149.852 65.452 114.386 0 207.078-93.7 207.078-209.338-0.002-115.664-92.692-209.328-207.080-209.328z"
				],
				"attrs": [],
				"tags": [
					"clubs",
					"cards",
					"poker"
				],
				"defaultCode": 57430,
				"grid": 16
			},
			"attrs": [],
			"properties": {
				"id": 140,
				"order": 3,
				"prevSize": 32,
				"code": 59672,
				"ligatures": "clubs, cards2",
				"name": "clubs"
			},
			"setIdx": 2,
			"setId": 0,
			"iconIdx": 24
		},
		{
			"icon": {
				"paths": [
					"M544.010 1024.004c-2.296 0-4.622-0.25-6.94-0.764-14.648-3.25-25.070-16.238-25.070-31.24v-480h-480c-15.002 0-27.992-10.422-31.24-25.070-3.25-14.646 4.114-29.584 17.708-35.928l960-448c12.196-5.688 26.644-3.144 36.16 6.372 9.516 9.514 12.060 23.966 6.372 36.16l-448 960c-5.342 11.44-16.772 18.47-28.99 18.47zM176.242 448h367.758c17.674 0 32 14.328 32 32v367.758l349.79-749.546-749.548 349.788z"
				],
				"attrs": [],
				"tags": [
					"compass",
					"direction",
					"location"
				],
				"defaultCode": 57593,
				"grid": 16
			},
			"attrs": [],
			"properties": {
				"order": 4,
				"id": 1524,
				"prevSize": 32,
				"code": 59721,
				"ligatures": "compass, direction",
				"name": "compass"
			},
			"setIdx": 2,
			"setId": 0,
			"iconIdx": 73
		},
		{
			"icon": {
				"paths": [
					"M576 706.612v-52.78c70.498-39.728 128-138.772 128-237.832 0-159.058 0-288-192-288s-192 128.942-192 288c0 99.060 57.502 198.104 128 237.832v52.78c-217.102 17.748-384 124.42-384 253.388h896c0-128.968-166.898-235.64-384-253.388z"
				],
				"attrs": [],
				"tags": [
					"user",
					"profile",
					"avatar",
					"person",
					"member"
				],
				"defaultCode": 57733,
				"grid": 16
			},
			"attrs": [],
			"properties": {
				"order": 5,
				"id": 1628,
				"prevSize": 32,
				"code": 59761,
				"ligatures": "user, profile2",
				"name": "user"
			},
			"setIdx": 2,
			"setId": 0,
			"iconIdx": 113
		},
		{
			"icon": {
				"paths": [
					"M768 770.612v-52.78c70.498-39.728 128-138.772 128-237.832 0-159.058 0-288-192-288s-192 128.942-192 288c0 99.060 57.502 198.104 128 237.832v52.78c-217.102 17.748-384 124.42-384 253.388h896c0-128.968-166.898-235.64-384-253.388z",
					"M327.196 795.328c55.31-36.15 124.080-63.636 199.788-80.414-15.054-17.784-28.708-37.622-40.492-59.020-30.414-55.234-46.492-116.058-46.492-175.894 0-86.042 0-167.31 30.6-233.762 29.706-64.504 83.128-104.496 159.222-119.488-16.914-76.48-61.94-126.75-181.822-126.75-192 0-192 128.942-192 288 0 99.060 57.502 198.104 128 237.832v52.78c-217.102 17.748-384 124.42-384 253.388h279.006c14.518-12.91 30.596-25.172 48.19-36.672z"
				],
				"width": 1152,
				"attrs": [],
				"tags": [
					"users",
					"group",
					"team",
					"members",
					"community",
					"collaborate"
				],
				"defaultCode": 58908,
				"grid": 16
			},
			"attrs": [],
			"properties": {
				"id": 476,
				"order": 8,
				"prevSize": 32,
				"code": 59762,
				"ligatures": "users, group",
				"name": "users"
			},
			"setIdx": 2,
			"setId": 0,
			"iconIdx": 114
		},
		{
			"icon": {
				"paths": [
					"M384 736c0-151.234 95.874-280.486 230.032-330.2 16.28-36.538 25.968-77.164 25.968-117.8 0-159.058 0-288-192-288s-192 128.942-192 288c0 99.060 57.502 198.104 128 237.832v52.78c-217.102 17.748-384 124.42-384 253.388h397.306c-8.664-30.53-13.306-62.732-13.306-96z",
					"M736 448c-159.058 0-288 128.942-288 288s128.942 288 288 288c159.056 0 288-128.942 288-288s-128.942-288-288-288zM896 768h-128v128h-64v-128h-128v-64h128v-128h64v128h128v64z"
				],
				"width": 1024,
				"attrs": [],
				"tags": [
					"user-plus",
					"user",
					"user-add",
					"profile",
					"avatar",
					"person",
					"member"
				],
				"defaultCode": 57735,
				"grid": 16
			},
			"attrs": [],
			"properties": {
				"id": 478,
				"order": 7,
				"prevSize": 32,
				"code": 59763,
				"ligatures": "user-plus, user2",
				"name": "user-plus"
			},
			"setIdx": 2,
			"setId": 0,
			"iconIdx": 115
		},
		{
			"icon": {
				"paths": [
					"M320 192c0-106.039 85.961-192 192-192s192 85.961 192 192c0 106.039-85.961 192-192 192s-192-85.961-192-192zM768.078 448h-35.424l-199.104 404.244 74.45-372.244-96-96-96 96 74.45 372.244-199.102-404.244h-35.424c-127.924 0-127.924 85.986-127.924 192v320h768v-320c0-106.014 0-192-127.922-192z"
				],
				"attrs": [],
				"tags": [
					"user-tie",
					"user",
					"user-employee",
					"profile",
					"avatar",
					"person",
					"member",
					"job",
					"official"
				],
				"defaultCode": 57753,
				"grid": 16
			},
			"attrs": [],
			"properties": {
				"id": 496,
				"order": 6,
				"prevSize": 32,
				"code": 59766,
				"ligatures": "user-tie, user5",
				"name": "user-tie"
			},
			"setIdx": 2,
			"setId": 0,
			"iconIdx": 118
		},
		{
			"icon": {
				"paths": [
					"M1011.328 134.496c-110.752-83.928-281.184-134.034-455.91-134.034-216.12 0-392.226 75.456-483.16 207.020-42.708 61.79-66.33 134.958-70.208 217.474-3.454 73.474 8.884 154.726 36.684 242.146 94.874-284.384 359.82-507.102 665.266-507.102 0 0-285.826 75.232-465.524 308.192-0.112 0.138-2.494 3.090-6.614 8.698-36.080 48.278-67.538 103.162-91.078 165.328-39.87 94.83-76.784 224.948-76.784 381.782h128c0 0-19.43-122.222 14.36-262.79 55.89 7.556 105.858 11.306 150.852 11.306 117.678 0 201.37-25.46 263.388-80.124 55.568-48.978 86.198-114.786 118.624-184.456 49.524-106.408 105.654-227.010 268.654-320.152 9.33-5.332 15.362-14.992 16.056-25.716s-4.040-21.080-12.606-27.572z"
				],
				"attrs": [],
				"tags": [
					"leaf",
					"nature",
					"plant",
					"tea",
					"green",
					"vegan",
					"vegetarian"
				],
				"defaultCode": 57900,
				"grid": 16
			},
			"attrs": [],
			"properties": {
				"id": 646,
				"order": 13,
				"prevSize": 32,
				"code": 59812,
				"ligatures": "leaf, nature",
				"name": "leaf"
			},
			"setIdx": 2,
			"setId": 0,
			"iconIdx": 164
		},
		{
			"icon": {
				"paths": [
					"M512 64c282.77 0 512 229.23 512 512 0 192.792-106.576 360.666-264.008 448h-495.984c-157.432-87.334-264.008-255.208-264.008-448 0-282.77 229.23-512 512-512zM801.914 865.914c77.438-77.44 120.086-180.398 120.086-289.914h-90v-64h85.038c-7.014-44.998-21.39-88.146-42.564-128h-106.474v-64h64.284c-9.438-11.762-19.552-23.096-30.37-33.914-46.222-46.22-101.54-80.038-161.914-99.798v69.712h-64v-85.040c-20.982-3.268-42.36-4.96-64-4.96s-43.018 1.69-64 4.96v85.040h-64v-69.712c-60.372 19.76-115.692 53.576-161.914 99.798-10.818 10.818-20.932 22.152-30.37 33.914h64.284v64h-106.476c-21.174 39.854-35.552 83.002-42.564 128h85.040v64h-90c0 109.516 42.648 212.474 120.086 289.914 10.71 10.71 21.924 20.728 33.56 30.086h192.354l36.572-512h54.856l36.572 512h192.354c11.636-9.358 22.852-19.378 33.56-30.086z"
				],
				"attrs": [],
				"tags": [
					"meter",
					"gauge",
					"dashboard",
					"speedometer",
					"performance"
				],
				"defaultCode": 57909,
				"grid": 16
			},
			"attrs": [],
			"properties": {
				"id": 655,
				"order": 22,
				"prevSize": 32,
				"code": 59814,
				"ligatures": "meter, gauge",
				"name": "meter"
			},
			"setIdx": 2,
			"setId": 0,
			"iconIdx": 166
		},
		{
			"icon": {
				"paths": [
					"M192 1024h640l64-704h-768zM640 128v-128h-256v128h-320v192l64-64h768l64 64v-192h-320zM576 128h-128v-64h128v64z"
				],
				"attrs": [],
				"tags": [
					"bin",
					"trashcan",
					"remove",
					"delete",
					"recycle",
					"dispose"
				],
				"defaultCode": 57935,
				"grid": 16
			},
			"attrs": [],
			"properties": {
				"id": 681,
				"order": 20,
				"prevSize": 32,
				"code": 59821,
				"ligatures": "bin2, trashcan2",
				"name": "bin2"
			},
			"setIdx": 2,
			"setId": 0,
			"iconIdx": 173
		},
		{
			"icon": {
				"paths": [
					"M640 146.588v135.958c36.206 15.804 69.5 38.408 98.274 67.18 60.442 60.44 93.726 140.8 93.726 226.274s-33.286 165.834-93.726 226.274c-60.44 60.44-140.798 93.726-226.274 93.726s-165.834-33.286-226.274-93.726c-60.44-60.44-93.726-140.8-93.726-226.274s33.286-165.834 93.726-226.274c28.774-28.774 62.068-51.378 98.274-67.182v-135.956c-185.048 55.080-320 226.472-320 429.412 0 247.424 200.578 448 448 448 247.424 0 448-200.576 448-448 0-202.94-134.95-374.332-320-429.412zM448 0h128v512h-128z"
				],
				"attrs": [],
				"tags": [
					"switch"
				],
				"defaultCode": 58000,
				"grid": 16
			},
			"attrs": [],
			"properties": {
				"id": 746,
				"order": 16,
				"prevSize": 32,
				"code": 59830,
				"ligatures": "switch",
				"name": "switch"
			},
			"setIdx": 2,
			"setId": 0,
			"iconIdx": 182
		},
		{
			"icon": {
				"paths": [
					"M64 192h896v192h-896zM64 448h896v192h-896zM64 704h896v192h-896z"
				],
				"attrs": [],
				"tags": [
					"menu",
					"list",
					"options",
					"lines",
					"hamburger"
				],
				"defaultCode": 58031,
				"grid": 16
			},
			"attrs": [],
			"properties": {
				"order": 18,
				"id": 1448,
				"prevSize": 32,
				"code": 59838,
				"ligatures": "menu, list3",
				"name": "menu"
			},
			"setIdx": 2,
			"setId": 0,
			"iconIdx": 189
		},
		{
			"icon": {
				"paths": [
					"M0 192h896v192h-896v-192zM0 448h896v192h-896v-192zM0 704h896v192h-896v-192z",
					"M992 448l192 192 192-192z"
				],
				"width": 1408,
				"attrs": [],
				"tags": [
					"menu",
					"options",
					"hamburger"
				],
				"defaultCode": 58031,
				"grid": 16
			},
			"attrs": [],
			"properties": {
				"order": 17,
				"id": 1449,
				"prevSize": 32,
				"code": 59839,
				"ligatures": "menu3, options3",
				"name": "menu3"
			},
			"setIdx": 2,
			"setId": 0,
			"iconIdx": 191
		},
		{
			"icon": {
				"paths": [
					"M480 64c-265.096 0-480 214.904-480 480 0 265.098 214.904 480 480 480 265.098 0 480-214.902 480-480 0-265.096-214.902-480-480-480zM751.59 704c8.58-40.454 13.996-83.392 15.758-128h127.446c-3.336 44.196-13.624 87.114-30.68 128h-112.524zM208.41 384c-8.58 40.454-13.996 83.392-15.758 128h-127.444c3.336-44.194 13.622-87.114 30.678-128h112.524zM686.036 384c9.614 40.962 15.398 83.854 17.28 128h-191.316v-128h174.036zM512 320v-187.338c14.59 4.246 29.044 11.37 43.228 21.37 26.582 18.74 52.012 47.608 73.54 83.486 14.882 24.802 27.752 52.416 38.496 82.484h-155.264zM331.232 237.516c21.528-35.878 46.956-64.748 73.54-83.486 14.182-10 28.638-17.124 43.228-21.37v187.34h-155.264c10.746-30.066 23.616-57.68 38.496-82.484zM448 384v128h-191.314c1.88-44.146 7.666-87.038 17.278-128h174.036zM95.888 704c-17.056-40.886-27.342-83.804-30.678-128h127.444c1.762 44.608 7.178 87.546 15.758 128h-112.524zM256.686 576h191.314v128h-174.036c-9.612-40.96-15.398-83.854-17.278-128zM448 768v187.34c-14.588-4.246-29.044-11.372-43.228-21.37-26.584-18.74-52.014-47.61-73.54-83.486-14.882-24.804-27.75-52.418-38.498-82.484h155.266zM628.768 850.484c-21.528 35.876-46.958 64.746-73.54 83.486-14.184 9.998-28.638 17.124-43.228 21.37v-187.34h155.266c-10.746 30.066-23.616 57.68-38.498 82.484zM512 704v-128h191.314c-1.88 44.146-7.666 87.040-17.28 128h-174.034zM767.348 512c-1.762-44.608-7.178-87.546-15.758-128h112.524c17.056 40.886 27.344 83.806 30.68 128h-127.446zM830.658 320h-95.9c-18.638-58.762-44.376-110.294-75.316-151.428 42.536 20.34 81.058 47.616 114.714 81.272 21.48 21.478 40.362 44.938 56.502 70.156zM185.844 249.844c33.658-33.658 72.18-60.932 114.714-81.272-30.942 41.134-56.676 92.666-75.316 151.428h-95.898c16.138-25.218 35.022-48.678 56.5-70.156zM129.344 768h95.898c18.64 58.762 44.376 110.294 75.318 151.43-42.536-20.34-81.058-47.616-114.714-81.274-21.48-21.478-40.364-44.938-56.502-70.156zM774.156 838.156c-33.656 33.658-72.18 60.934-114.714 81.274 30.942-41.134 56.678-92.668 75.316-151.43h95.9c-16.14 25.218-35.022 48.678-56.502 70.156z"
				],
				"attrs": [],
				"tags": [
					"sphere",
					"globe",
					"internet"
				],
				"defaultCode": 58052,
				"grid": 16
			},
			"attrs": [],
			"properties": {
				"id": 802,
				"order": 25,
				"prevSize": 32,
				"code": 59849,
				"ligatures": "sphere, globe",
				"name": "sphere"
			},
			"setIdx": 2,
			"setId": 0,
			"iconIdx": 201
		},
		{
			"icon": {
				"paths": [
					"M440.236 635.766c-13.31 0-26.616-5.076-36.77-15.23-95.134-95.136-95.134-249.934 0-345.070l192-192c46.088-46.086 107.36-71.466 172.534-71.466s126.448 25.38 172.536 71.464c95.132 95.136 95.132 249.934 0 345.070l-87.766 87.766c-20.308 20.308-53.23 20.308-73.54 0-20.306-20.306-20.306-53.232 0-73.54l87.766-87.766c54.584-54.586 54.584-143.404 0-197.99-26.442-26.442-61.6-41.004-98.996-41.004s-72.552 14.562-98.996 41.006l-192 191.998c-54.586 54.586-54.586 143.406 0 197.992 20.308 20.306 20.306 53.232 0 73.54-10.15 10.152-23.462 15.23-36.768 15.23z",
					"M256 1012c-65.176 0-126.45-25.38-172.534-71.464-95.134-95.136-95.134-249.934 0-345.070l87.764-87.764c20.308-20.306 53.234-20.306 73.54 0 20.308 20.306 20.308 53.232 0 73.54l-87.764 87.764c-54.586 54.586-54.586 143.406 0 197.992 26.44 26.44 61.598 41.002 98.994 41.002s72.552-14.562 98.998-41.006l192-191.998c54.584-54.586 54.584-143.406 0-197.992-20.308-20.308-20.306-53.232 0-73.54 20.306-20.306 53.232-20.306 73.54 0.002 95.132 95.134 95.132 249.932 0.002 345.068l-192.002 192c-46.090 46.088-107.364 71.466-172.538 71.466z"
				],
				"attrs": [],
				"tags": [
					"link",
					"chain",
					"url",
					"uri",
					"anchor"
				],
				"defaultCode": 58061,
				"grid": 16
			},
			"attrs": [],
			"properties": {
				"order": 12,
				"id": 1557,
				"prevSize": 32,
				"code": 59851,
				"ligatures": "link, chain",
				"name": "link"
			},
			"setIdx": 2,
			"setId": 0,
			"iconIdx": 203
		},
		{
			"icon": {
				"paths": [
					"M384 464c0 26.4-21.6 48-48 48h-96c-26.4 0-48-21.6-48-48v-96c0-26.4 21.6-48 48-48h96c26.4 0 48 21.6 48 48v96z",
					"M704 464c0 26.4-21.6 48-48 48h-96c-26.4 0-48-21.6-48-48v-96c0-26.4 21.6-48 48-48h96c26.4 0 48 21.6 48 48v96z",
					"M384 784c0 26.4-21.6 48-48 48h-96c-26.4 0-48-21.6-48-48v-96c0-26.4 21.6-48 48-48h96c26.4 0 48 21.6 48 48v96z",
					"M704 784c0 26.4-21.6 48-48 48h-96c-26.4 0-48-21.6-48-48v-96c0-26.4 21.6-48 48-48h96c26.4 0 48 21.6 48 48v96z",
					"M912.082 160l111.918-111.916v-48.084h-48.082l-111.918 111.916-111.918-111.916h-48.082v48.084l111.918 111.916-111.918 111.916v48.084h48.082l111.918-111.916 111.918 111.916h48.082v-48.084z",
					"M0 768h64v128h-64v-128z",
					"M0 576h64v128h-64v-128z",
					"M832 448h64v128h-64v-128z",
					"M832 832h64v128h-64v-128z",
					"M832 640h64v128h-64v-128z",
					"M0 384h64v128h-64v-128z",
					"M0 192h64v128h-64v-128z",
					"M512 128h128v64h-128v-64z",
					"M320 128h128v64h-128v-64z",
					"M128 128h128v64h-128v-64z",
					"M448 960h128v64h-128v-64z",
					"M640 960h128v64h-128v-64z",
					"M256 960h128v64h-128v-64z",
					"M64 960h128v64h-128v-64z"
				],
				"attrs": [],
				"tags": [
					"ungroup"
				],
				"defaultCode": 61049,
				"grid": 16
			},
			"attrs": [],
			"properties": {
				"id": 9,
				"order": 19,
				"prevSize": 32,
				"code": 59993,
				"ligatures": "ungroup",
				"name": "ungroup"
			},
			"setIdx": 2,
			"setId": 0,
			"iconIdx": 345
		},
		{
			"icon": {
				"paths": [
					"M0 64h1024v128h-1024zM0 256h1024v128h-1024zM0 448h1024v128h-1024zM0 640h1024v128h-1024zM0 832h1024v128h-1024z"
				],
				"attrs": [],
				"tags": [
					"paragraph-justify",
					"wysiwyg",
					"justify"
				],
				"defaultCode": 58482,
				"grid": 16
			},
			"attrs": [],
			"properties": {
				"id": 1258,
				"order": 15,
				"prevSize": 32,
				"code": 60026,
				"ligatures": "paragraph-justify, wysiwyg28",
				"name": "paragraph-justify"
			},
			"setIdx": 2,
			"setId": 0,
			"iconIdx": 378
		},
		{
			"icon": {
				"paths": [
					"M853.35 0h-682.702c-94.25 0-170.648 76.42-170.648 170.686v682.63c0 94.266 76.398 170.684 170.648 170.684h341.352v-448h-128v-128h128v-96c0-88.366 71.634-160 160-160h160v128h-160c-17.674 0-32 14.328-32 32v96h176l-32 128h-144v448h213.35c94.25 0 170.65-76.418 170.65-170.684v-682.63c0-94.266-76.4-170.686-170.65-170.686z"
				],
				"attrs": [],
				"tags": [
					"facebook",
					"brand",
					"social"
				],
				"defaultCode": 58521,
				"grid": 16
			},
			"attrs": [],
			"properties": {
				"id": 1298,
				"order": 9,
				"prevSize": 32,
				"code": 60045,
				"ligatures": "facebook2, brand7",
				"name": "facebook2"
			},
			"setIdx": 2,
			"setId": 0,
			"iconIdx": 397
		},
		{
			"icon": {
				"paths": [
					"M853.342 0h-682.656c-93.874 0-170.686 76.81-170.686 170.69v682.624c0 93.936 76.812 170.686 170.686 170.686h682.656c93.876 0 170.658-76.75 170.658-170.69v-682.62c0-93.88-76.782-170.69-170.658-170.69zM766.478 381.48c0.252 5.632 0.38 11.296 0.38 16.988 0 173.51-132.070 373.588-373.584 373.588-74.15 0-143.168-21.738-201.276-58.996 10.272 1.218 20.724 1.84 31.322 1.84 61.518 0 118.134-20.992 163.072-56.21-57.458-1.054-105.948-39.020-122.658-91.184 8.018 1.532 16.244 2.36 24.704 2.36 11.976 0 23.578-1.61 34.592-4.61-60.064-12.066-105.326-65.132-105.326-128.75 0-0.554 0-1.104 0.012-1.652 17.7 9.834 37.948 15.742 59.47 16.424-35.232-23.546-58.414-63.736-58.414-109.292 0-24.064 6.476-46.62 17.78-66.010 64.76 79.44 161.51 131.712 270.634 137.19-2.238-9.612-3.4-19.632-3.4-29.924 0-72.512 58.792-131.298 131.304-131.298 37.766 0 71.892 15.944 95.842 41.462 29.908-5.886 58.008-16.814 83.38-31.862-9.804 30.662-30.624 56.394-57.732 72.644 26.56-3.174 51.866-10.232 75.412-20.674-17.594 26.328-39.854 49.454-65.514 67.966z"
				],
				"attrs": [],
				"tags": [
					"twitter",
					"brand",
					"tweet",
					"social"
				],
				"defaultCode": 58526,
				"grid": 16
			},
			"attrs": [],
			"properties": {
				"id": 1303,
				"order": 10,
				"prevSize": 32,
				"code": 60050,
				"ligatures": "twitter2, brand12",
				"name": "twitter2"
			},
			"setIdx": 2,
			"setId": 0,
			"iconIdx": 402
		},
		{
			"icon": {
				"paths": [
					"M853.38 0h-682.692c-93.878 0-170.686 76.814-170.686 170.686v682.626c0 93.938 76.808 170.688 170.686 170.688h682.692c93.87 0 170.62-76.75 170.62-170.688v-682.628c-0.008-93.87-76.758-170.684-170.62-170.684zM731.716 824.688c-30.152 14.188-57.528 24.188-82 29.938-24.496 5.69-50.96 8.558-79.402 8.558-32.312 0-51.376-4.058-76.188-12.188-24.808-8.188-46-19.872-63.5-34.872-17.558-15.128-29.686-31.198-36.466-48.194-6.784-17.004-10.156-41.692-10.156-74.004v-247.802h-95.996v-100.066c27.744-9 59.936-21.934 79.684-38.75 19.84-16.872 35.718-37.058 47.684-60.684 12.004-23.566 20.25-53.626 24.752-90.066h100.5v163.442h163.372v126.126h-163.378v181.188c0 41-0.528 64.626 3.816 76.25 4.312 11.56 15.126 23.56 26.902 30.5 15.656 9.376 33.504 14.060 53.626 14.060 35.786 0 71.378-11.626 106.75-34.876v111.44z"
				],
				"attrs": [],
				"tags": [
					"tumblr",
					"brand",
					"social"
				],
				"defaultCode": 58563,
				"grid": 16
			},
			"attrs": [],
			"properties": {
				"id": 1345,
				"order": 11,
				"prevSize": 32,
				"code": 60092,
				"ligatures": "tumblr2, brand51",
				"name": "tumblr2"
			},
			"setIdx": 2,
			"setId": 0,
			"iconIdx": 444
		}
	],
	"height": 1024,
	"metadata": {
		"name": "icomoon"
	},
	"preferences": {
		"showGlyphs": true,
		"showQuickUse": true,
		"showQuickUse2": true,
		"showSVGs": true,
		"fontPref": {
			"prefix": "icon-",
			"metadata": {
				"fontFamily": "icomoon"
			},
			"metrics": {
				"emSize": 1024,
				"baseline": 6.25,
				"whitespace": 50
			}
		},
		"imagePref": {
			"prefix": "icon-",
			"png": true,
			"useClassSelector": true,
			"color": 4473924,
			"bgColor": 16777215,
			"classSelector": ".icon"
		},
		"historySize": 100,
		"showCodes": true,
		"gridSize": 16
	}
}